"fecha";"temperatura_mean";"temperatura_min";"temperatura_max";"radiation_mean";"demanda_mwh";"lluvia"
2014-01-01;8.45961538461538;7.3625;10.775;82.5394230769231;22822.6916666667;"Baja"
2014-01-02;9.19322916666667;7.375;11.575;37.7114583333333;28126.8041666667;"Baja"
2014-01-03;9.79270833333333;7.9125;13.6375;71.2395833333333;28381.7666666667;"Baja"
2014-01-04;6.6234375;2.025;10.3;60.7645833333333;26715.5083333333;"Baja"
2014-01-05;5.93645833333333;1.9375;10.975;60.8598958333333;25247.8583333333;"Baja"
2014-01-06;7.21875;4.1625;12.7375;79.7432291666667;23863.9458333333;"Baja"
2014-01-07;7.56197916666667;4.725;13.3625;71.5166666666667;29860.4208333333;"Baja"
2014-01-08;7.56614583333333;4.3375;14.0125;89.3369791666667;30543.3541666667;"Media"
2014-01-09;7.84583333333333;4.5125;14.725;92.6260416666667;30838.5916666667;"Alta"
2014-01-10;7.55833333333333;4.4;14.25;89.578125;30817.5208333333;"Alta"
2014-01-11;6.95364583333333;2.9875;14.4375;100.2515625;27831.6916666667;"Media"
2014-01-12;7.26822916666667;3.05;13.9625;85.4296875;25912.0541666667;"Baja"
2014-01-13;5.85625;3.1375;9.825;74.1442708333333;31288.0833333333;"Media"
2014-01-14;6.24114583333333;3.2375;9.5625;32.3119791666667;31812.3125;"Media"
2014-01-15;7.47395833333333;4.325;12.2625;67.521875;31586.8041666667;"Baja"
2014-01-16;6.45681818181818;5.6125;9.3125;8.95795454545454;31586.35;"Baja"
2014-01-17;5.49711538461538;2.925;9.575;138.143269230769;31371.75;"Baja"
2014-01-18;4.18295454545455;2.9875;7.3;12.1295454545455;28176.5791666667;"Baja"
2014-01-19;4.25576923076923;1.75;7.7125;139.6625;26353.3333333333;"Media"
2014-01-20;2.21477272727273;0.6625;6.35;14.0147727272727;31653.3833333333;"Media"
2014-01-21;6.87019230769231;5.0375;10.525;145.535576923077;32635.375;"Baja"
2014-01-22;5.80227272727273;5.1;8.3;10.4159090909091;32501.6916666667;"Baja"
2014-01-24;8.04038461538462;6.1875;11.25;139.199038461538;31697.1208333333;"Media"
2014-01-25;8.453125;6.1375;12.7;62.1234375;28002.825;"Alta"
2014-01-26;8.9;5.275;15.475;97.1166666666667;25562.8416666667;"Alta"
2014-01-27;5.78295454545455;4.5;8.55;16.1431818181818;30764.3291666667;"Alta"
2014-01-28;5.46442307692308;3.375;9.1375;109.113461538462;32209.6625;"Media"
2014-01-29;3.85520833333333;0.8625;8.725;81.1958333333333;32137.0208333333;"Media"
2014-01-30;3.453125;0.175;8.25;90.0776041666667;32173.6208333333;"Media"
2014-01-31;6.29479166666667;3.0375;10.475;69.215625;31864.4791666667;"Media"
2014-02-01;4.7671875;0.225;8.075;73.1286458333333;28409.8208333333;"Media"
2014-02-02;2.87135416666667;-0.4875;10.1375;129.086979166667;26242.75;"Media"
2014-02-03;2.93489583333333;0.0375;7.6;85.5911458333333;32467.4166666667;"Alta"
2014-02-04;4.25104166666667;-0.45;10.2625;95.7817708333333;32946.45;"Alta"
2014-02-05;6.190625;4.1;9.7375;99.2734375;32287.7166666667;"Baja"
2014-02-06;7.96197916666667;5.1125;12.1375;81.3708333333333;31546.2625;"Baja"
2014-02-07;5.77552083333333;2.4;10;119.809895833333;31377.0833333333;"Media"
2014-02-08;5.771875;2.7625;9.2;73.1395833333333;28194.3;"Media"
2014-02-09;4.771875;1.275;8.1625;55.5265625;26401.9666666667;"Baja"
2014-02-10;3.57272727272727;2.2;5.2625;20.7136363636364;31429.0375;"Baja"
2014-02-12;8.78173076923077;6.55;12.25;189.567307692308;32526.0875;"Media"
2014-02-13;8.81510416666667;6.625;12.5125;85.7192708333333;31586.85;"Alta"
2014-02-14;10.0359375;7.35;15.2125;111.098958333333;30519.5625;"Alta"
2014-02-15;6.340625;2.7125;9.725;82.6427083333333;27431.55;"Alta"
2014-02-16;4.57708333333333;0.725;11.5625;151.952604166667;25680.2125;"Alta"
2014-02-17;4.82916666666667;0.1;11.7875;137.919791666667;31087.475;"Baja"
2014-02-18;6.0796875;2.1375;13.1;136.455729166667;31554.5458333333;"Media"
2014-02-19;6.03177083333333;1.9875;13.85;138.0078125;31047.3208333333;"Alta"
2014-02-20;7.48645833333333;2.425;14.6625;116.484895833333;30917.175;"Alta"
2014-02-21;5.290625;1.975;11.2;141.568229166667;30636.4416666667;"Media"
2014-02-22;5.45052083333333;1.4;13.25;153.469791666667;27374.7;"Media"
2014-02-23;6.153125;0.8;15.45;187.788541666667;25260.4791666667;"Media"
2014-02-24;6.1484375;2.2125;12.925;148.073958333333;30673.6791666667;"Baja"
2014-02-25;6.56458333333333;2.3125;13.6875;141.372916666667;31425.6041666667;"Baja"
2014-02-26;5.01041666666667;1.65;11.0125;152.8234375;31183.8416666667;"Baja"
2014-02-27;6.04635416666667;1.6875;11.6875;105.129166666667;31230.6625;"Baja"
2014-02-28;5.70625;3.1625;9.5875;92.4578125;30460.6958333333;"Baja"
2014-03-01;6.7484375;3.425;10.3;58.9619791666667;28041.1791666667;"Media"
2014-03-02;9.2609375;6.65;14.225;87.0322916666667;25133.6875;"Media"
2014-03-03;5.50677083333333;2.7;8.7625;111.422395833333;30160.8166666667;"Baja"
2014-03-04;5.85885416666667;2.0625;10.5375;112.046875;30999.2541666667;"Baja"
2014-03-05;8.2359375;4.05;14.15;122.863541666667;30353.8916666667;"Baja"
2014-03-06;8.1578125;1.8875;18.175;210.480729166667;29800.9291666667;"Baja"
2014-03-07;8.9421875;2.65;19.0125;215.663541666667;29459.8375;"Media"
2014-03-08;9.53333333333333;2.7625;19.825;223.928645833333;25966.8083333333;"Media"
2014-03-09;8.76354166666667;2.8875;17.8125;223.6;23768.2666666667;"Baja"
2014-03-10;8.29635416666667;1.925;18.375;228.502083333333;28846.9208333333;"Baja"
2014-03-11;7.96510416666667;0.5625;18.375;228.573958333333;29407.4333333333;"Baja"
2014-03-12;8.509375;2.4625;18.3125;218.2;29526.6541666667;"Media"
2014-03-13;8.05625;1.6625;17.85;222.3765625;29396.9916666667;"Alta"
2014-03-14;8.07604166666667;1.1625;18.4875;230.152083333333;29461.5208333333;"Media"
2014-03-15;8.10364583333333;0.7375;18.1125;236.266145833333;25961.1375;"Baja"
2014-03-16;9.0515625;1.5;20.1375;232.409375;23549.1375;"Baja"
2014-03-17;10.8567708333333;1.6125;24.1375;239.785416666667;27949.4916666667;"Baja"
2014-03-18;10.2395833333333;3.775;19.125;179.400520833333;28347.9291666667;"Media"
2014-03-19;10.5890625;3.9125;20.05;231.3984375;27427.7666666667;"Alta"
2014-03-20;11.3942708333333;4.625;21.5375;242.635416666667;27861.075;"Alta"
2014-03-21;11.1932291666667;6.1625;19.1875;180.446875;28091.6083333333;"Media"
2014-03-22;7.8984375;2.7875;13.375;158.566145833333;25331.8083333333;"Alta"
2014-03-23;5.5984375;0.4375;13.0875;199.928125;23538.8208333333;"Alta"
2014-03-24;6.80989583333333;0.35;13.65;138.233854166667;28986.2083333333;"Media"
2014-03-25;6.57916666666667;2.7125;12.6375;144.772916666667;29841.9291666667;"Baja"
2014-03-26;4.90520833333333;0.225;11.1125;177.317708333333;30074.9875;"Baja"
2014-03-27;5.70833333333333;-1.3;15.5875;230.266145833333;29116.7125;"Baja"
2014-03-28;7.26875;1.4875;14.2625;187.138020833333;29541.3625;"Baja"
2014-03-29;8.134375;3.7625;14.1875;174.708854166667;26801.2;"Baja"
2014-03-30;8.89140625;3.1125;15.5875;200.1125;24427.5083333333;"Baja"
2014-03-31;10.528125;4.9875;17.95;212.358854166667;28895.3125;"Baja"
2014-04-01;11.1817708333333;6.4625;17.225;195.374479166667;29043.6875;"Media"
2014-04-02;10.0744791666667;6.475;15.5625;167.503645833333;29393.6708333333;"Alta"
2014-04-03;8.87239583333333;5.4;13.775;166.347395833333;29397.1458333333;"Alta"
2014-04-04;9.265625;4.4;15.2375;182.9515625;29030.0416666667;"Alta"
2014-04-05;12.3953125;6.8;19.9125;207.441145833333;25527.2875;"Media"
2014-04-06;14.4822916666667;6.175;24.6;277.053645833333;23023.9875;"Baja"
2014-04-07;14.4421875;7.85;24.3875;241.964583333333;27390.7583333333;"Baja"
2014-04-08;13.2453125;7.0375;22.625;232.166145833333;27754.0083333333;"Baja"
2014-04-09;14.8619791666667;6.7625;26.1625;259.794270833333;27701.3458333333;"Media"
2014-04-10;15.7286458333333;8.4375;26.225;257.077604166667;27390.3708333333;"Media"
2014-04-11;14.0927083333333;8.8875;21.575;239.007291666667;27665.1958333333;"Baja"
2014-04-12;12.8015625;7.825;20.725;234.656770833333;24631.3041666667;"Baja"
2014-04-13;14.0036458333333;6.1375;25.9625;288.236979166667;22366.7833333333;"Alta"
2014-04-14;14.6390625;5.925;25.4875;261.261979166667;26525.7583333333;"Alta"
2014-04-15;15.0223958333333;6.9125;25.475;276.931770833333;26832.575;"Media"
2014-04-16;15.346875;6.5;27.825;303.203125;26412.9625;"Media"
2014-04-17;15.2234375;6.775;27.325;306.853125;23084.5666666667;"Media"
2014-04-18;14.4942708333333;6.2875;25.825;309.888541666667;21021.2208333333;"Media"
2014-04-19;12.9505208333333;7.1625;20.1375;216.767708333333;22218.9708333333;"Alta"
2014-04-20;10.6140625;5.925;15.6125;179.4046875;21023.0333333333;"Alta"
2014-04-21;10.6916666666667;5.4125;17.3;190.013541666667;23494.5041666667;"Media"
2014-04-22;11.7041666666667;6.6125;18.575;241.353125;26511.7041666667;"Baja"
2014-04-23;12.3822916666667;6.5;19.225;268.205208333333;26426.2583333333;"Baja"
2014-04-24;11.0848958333333;5.35;18.1;237.5140625;27304.6041666667;"Baja"
2014-04-25;10.434375;4.35;17.0125;230.908333333333;27478.8791666667;"Baja"
2014-04-26;12.2458333333333;6.9375;18.475;211.761458333333;24698.8666666667;"Baja"
2014-04-27;11.9010416666667;5.8;19.4;264.606770833333;22405.5375;"Baja"
2014-04-28;13.5979166666667;8.0875;20.675;224.8546875;26624.35;"Baja"
2014-04-29;14.4901041666667;8.2875;22.35;229.1515625;27137.9541666667;"Baja"
2014-04-30;15.0171875;9.1375;22.35;246.6984375;27131.3375;"Baja"
2014-05-01;14.6203125;8.1;23.3625;265.744791666667;22162.2583333333;"Baja"
2014-05-02;13.7083333333333;7.8875;21.2375;256.0796875;24283.3708333333;"Baja"
2014-05-03;13.3197916666667;6.7875;22.225;299.638541666667;23541.5541666667;"Baja"
2014-05-04;14.6583333333333;5.775;26.35;338.147395833333;21896.4458333333;"Alta"
2014-05-05;17.0515625;7.5875;28.5375;321.9984375;26880.7416666667;"Alta"
2014-05-06;17.203125;9.7;26.9;267.6765625;27403.2083333333;"Baja"
2014-05-07;17.0296875;9.4125;25.85;288.959895833333;27694.6916666667;"Media"
2014-05-08;17.0515625;8.9625;26.6625;327.660416666667;27772.8041666667;"Media"
2014-05-09;17.7375;8.5375;27.4375;307.3078125;27544.3833333333;"Baja"
2014-05-10;18.6;10.725;27.8375;300.378125;24820.9708333333;"Alta"
2014-05-11;16.271875;7.825;25.1875;285.797916666667;22923.7458333333;"Alta"
2014-05-12;14.8770833333333;6.8625;24.6875;261.90625;27435.4375;"Baja"
2014-05-13;13.73125;6.3625;23.5125;341.186458333333;27844.5208333333;"Baja"
2014-05-14;15.0536458333333;6.35;25.8375;351.008854166667;27851.8208333333;"Baja"
2014-05-15;15.6739583333333;6.875;26.9375;350.671354166667;27121.8083333333;"Baja"
2014-05-16;14.8859375;5.7875;26.1875;357.497916666667;27154.5625;"Baja"
2014-05-17;14.5744791666667;5.2125;25;353.339583333333;24175.0333333333;"Baja"
2014-05-18;16.5973958333333;7.125;27.85;327.2046875;22159.9625;"Alta"
2014-05-19;14.94375;8.25;23.2375;298.077604166667;27076.5541666667;"Alta"
2014-05-20;13.6046875;8.1375;20.625;267.00625;27699.7375;"Alta"
2014-05-21;12.4729166666667;7.1;18.75;256.0203125;27752.175;"Baja"
2014-05-22;12.0302083333333;6.675;18.25;248.4890625;27524.7916666667;"Baja"
2014-05-23;11.7848958333333;6.1;18.6875;265.645833333333;27378.6583333333;"Baja"
2014-05-24;13.3010416666667;5.5875;22.025;291.277604166667;24423.7791666667;"Baja"
2014-05-25;12.3994791666667;6.175;20.475;274.731770833333;22028.9666666667;"Baja"
2014-05-26;12.7994791666667;5.525;21.3375;268.879166666667;26904.65;"Baja"
2014-05-27;14.378125;6.2625;22.775;290.166666666667;27513.8916666667;"Baja"
2014-05-28;13.6713541666667;9.1;19.1625;185.734375;27769.9166666667;"Media"
2014-05-29;14.9140625;8.275;23.2;261.1515625;27707.5708333333;"Media"
2014-05-30;15.1911458333333;8.525;22.925;290.322395833333;27309.8166666667;"Baja"
2014-05-31;14.5510416666667;8.125;21.6625;270.344791666667;24160.1791666667;"Baja"
2014-06-01;15.1984375;8.425;23.2125;295.982291666667;22165.3125;"Media"
2014-06-02;16.0682291666667;7.2375;25.4375;343.681770833333;26839.275;"Media"
2014-06-03;17.7354166666667;7.2375;27.575;346.272916666667;27624.4541666667;"Media"
2014-06-04;15.9802083333333;8.7625;23.375;260.040625;27916.8958333333;"Baja"
2014-06-05;18.6442708333333;9.05;27.3875;338.4484375;28047.8458333333;"Media"
2014-06-06;19.3302083333333;12.5;27.25;306.555729166667;28374.55;"Media"
2014-06-07;18.6041666666667;10.85;27.475;337.209895833333;25215.0666666667;"Baja"
2014-06-08;19.1536458333333;10.3625;29.15;339.0453125;23160.3416666667;"Baja"
2014-06-09;18.9776041666667;10.2;29.05;328.994791666667;27359.3958333333;"Baja"
2014-06-10;19.1041666666667;9.375;29.625;285.791666666667;28516.775;"Alta"
2014-06-11;20.9546875;12.6375;32.3875;319.961458333333;28963.3958333333;"Alta"
2014-06-12;22.203125;13.275;33.1875;351.602604166667;29505.6875;"Alta"
2014-06-13;23.0755208333333;13.0375;34.6;357.7734375;29881.9375;"Alta"
2014-06-14;21.2260416666667;12.95;32.15;355.998958333333;26634.4708333333;"Media"
2014-06-15;19.0270833333333;10.75;29.1;357.2703125;23916.2583333333;"Alta"
2014-06-16;17.871875;9.2625;27.4625;357.841145833333;28323.1;"Alta"
2014-06-17;19.2328125;10.5;29.7875;362.371354166667;28989.0708333333;"Baja"
2014-06-18;19.528125;10.6875;30.825;350.657291666667;28993.4333333333;"Baja"
2014-06-19;20.4161458333333;10.575;30.5625;351.029166666667;28161.625;"Baja"
2014-06-20;21.2791666666667;13.5625;30.5875;352.548958333333;28639.325;"Media"
2014-06-21;20.2838541666667;12.2875;29.975;356.129166666667;25825.3083333333;"Media"
2014-06-22;19.8776041666667;11.6625;28.9875;340.152604166667;23630.1125;"Baja"
2014-06-23;19.5458333333333;11.95;28.15;350.025520833333;27752.2208333333;"Media"
2014-06-24;18.1848958333333;12.875;24.525;234.684375;26490.7291666667;"Media"
2014-06-25;18.8338541666667;13.0625;27.4875;320.821354166667;27974.8208333333;"Baja"
2014-06-26;18.5901041666667;11.8;26.6875;287.534895833333;28580.15;"Baja"
2014-06-27;20.2614583333333;11.1;30.25;329.9171875;28823.9083333333;"Baja"
2014-06-28;20.1364583333333;13.1;28.45;261.165104166667;26175.4291666667;"Baja"
2014-06-29;17.9713541666667;9.65;26.25;317.711458333333;23385.1666666667;"Baja"
2014-06-30;19.4984375;9.025;29.5875;342.196354166667;27915.9416666667;"Baja"
2014-07-01;18.853125;12.8875;26.1375;274.7671875;29089.4833333333;"Baja"
2014-07-02;18.1895833333333;12.2875;25.075;274.477604166667;28854.1208333333;"Baja"
2014-07-03;19.2953125;11.425;27.4125;332.660416666667;28384.7291666667;"Baja"
2014-07-04;19.9057291666667;13.45;28.2875;299.38125;28290.6291666667;"Baja"
2014-07-05;21.571875;12.75;30.4375;297.7546875;25836.4041666667;"Baja"
2014-07-06;18.95625;12.7;26.2875;243.452083333333;23719.9416666667;"Baja"
2014-07-07;17.8161458333333;11.6125;25.175;286.446354166667;27793.0083333333;"Baja"
2014-07-08;19.753125;11.25;29.5;312.1703125;28607.1458333333;"Baja"
2014-07-09;19.1276041666667;12.0125;28.325;334.728125;29098.375;"Alta"
2014-07-10;18.3583333333333;10.8875;27.3625;342.280208333333;29075.8541666667;"Alta"
2014-07-11;19.325;10.725;28.5;317.1015625;29021.0541666667;"Media"
2014-07-12;19.8682291666667;11.9125;29.4125;331.2375;25720.425;"Baja"
2014-07-13;21.3244791666667;10.7125;31.45;347.263541666667;23613.5416666667;"Baja"
2014-07-14;22.6708333333333;15.2625;33.025;313.022395833333;29399.875;"Baja"
2014-07-15;23.8307291666667;14.4875;35.2625;347.836458333333;30629.5083333333;"Baja"
2014-07-16;25.2760416666667;14.6625;37.5;347.836458333333;31250.475;"Baja"
2014-07-17;25.1255208333333;15.3625;36.2875;351.504166666667;31589.65;"Baja"
2014-07-18;23.3270833333333;14.7375;33.7125;314.983333333333;31097.8666666667;"Alta"
2014-07-19;20.5296875;14.8125;28.3125;277.813020833333;26691.4125;"Alta"
2014-07-20;19.3864583333333;13.4625;27.0625;295.646875;23973.9125;"Baja"
2014-07-21;21.2197916666667;12.5375;31.775;322.515104166667;29099.5583333333;"Baja"
2014-07-22;23.1380208333333;13.5375;35.825;343.9875;30002.6666666667;"Baja"
2014-07-23;23.3203125;13.875;34.2875;340.588020833333;30683.4875;"Alta"
2014-07-24;23.0927083333333;14.05;32.675;322.013020833333;30671.4333333333;"Alta"
2014-07-25;22.6322916666667;15.75;30.875;289.015625;29490.1;"Media"
2014-07-26;23.4453125;15.3625;34.7;328.859375;26964.8416666667;"Alta"
2014-07-27;23.3182291666667;14.5125;35.2625;335.026041666667;24723.85;"Alta"
2014-07-28;21.8666666666667;14.775;30.975;300.384895833333;29584.2166666667;"Media"
2014-07-29;20.2911458333333;14.2125;28.8875;321.121354166667;29169.4916666667;"Media"
2014-07-30;21.5802083333333;12.6625;32.4875;297.8625;29046.9125;"Alta"
2014-07-31;22.76875;13.725;33.5125;333.146354166667;28880.4333333333;"Alta"
2014-08-01;20.8947916666667;14.8;28.825;269.271875;28880.4708333333;"Media"
2014-08-02;19.7859375;13.6625;27.425;294.7390625;25255.9541666667;"Media"
2014-08-03;20.7432291666667;13.625;30.6875;288.784375;23342.7958333333;"Baja"
2014-08-04;21.15;12.7875;31.0625;297.9703125;27784.3125;"Baja"
2014-08-05;21.6411458333333;12.0125;33.0625;325.536979166667;28416.3041666667;"Alta"
2014-08-06;22.4838541666667;13.0125;32.975;315.772395833333;28932.8125;"Alta"
2014-08-07;23.5213541666667;15;33.525;298.710416666667;29271.525;"Baja"
2014-08-08;23.175;16.7625;32.625;293.511458333333;29275.2291666667;"Baja"
2014-08-09;23.2744791666667;15.7125;33.4625;268.9359375;26322.7708333333;"Baja"
2014-08-10;22.9708333333333;16.0375;32.6125;273.636458333333;24245.1833333333;"Media"
2014-08-11;21.7166666666667;14.625;31.35;267.211458333333;28272.45;"Media"
2014-08-12;21.740625;13.875;31.5125;252.955208333333;28518.2541666667;"Baja"
2014-08-13;19.9328125;11.8;28.5;290.442708333333;27975.0625;"Baja"
2014-08-14;19.6057291666667;10.7625;31.1875;301.208854166667;26989.1208333333;"Baja"
2014-08-15;20.1838541666667;11.2125;31.65;307.9625;23958.25;"Baja"
2014-08-16;19.6515625;11.95;30.1875;297.702083333333;24039.2958333333;"Baja"
2014-08-17;21.859375;11.4375;35.85;316.111458333333;22874.9625;"Baja"
2014-08-18;22.0046875;13.7125;33.2625;298.679166666667;27457.5041666667;"Baja"
2014-08-19;20.5854166666667;14.2625;30.025;268.344270833333;27829.5958333333;"Baja"
2014-08-20;19.2854166666667;12.1875;29.1;254.519791666667;27680.9666666667;"Media"
2014-08-21;20.0848958333333;11.4;31.3625;292.588020833333;27633.7166666667;"Media"
2014-08-22;19.0182291666667;12.3375;27.575;222.256770833333;27261.775;"Baja"
2014-08-23;19.4364583333333;10.9;32.0625;298.541666666667;24711.8416666667;"Baja"
2014-08-24;20.6984375;10.5875;33.7625;300.675;23305.7416666667;"Baja"
2014-08-25;23.0140625;12.9375;35.6;293.546354166667;28876.0875;"Alta"
2014-08-26;23.2036458333333;15.325;33.0375;242.171875;30338.6666666667;"Alta"
2014-08-27;24.2416666666667;16.525;35.4375;278.261458333333;30937.1125;"Alta"
2014-08-28;23.1395833333333;16.025;34.275;248.792708333333;30843.6333333333;"Media"
2014-08-29;22.34375;16.075;31.525;217.171875;30512.1708333333;"Baja"
2014-08-30;21.9479166666667;15.575;32.4375;240.069270833333;26798.05;"Media"
2014-08-31;22.66875;14.55;35.55;280.288020833333;24959.7625;"Media"
2014-09-01;23.7515625;14.3875;38;280.760416666667;30811.3875;"Baja"
2014-09-02;23.7192708333333;14.4625;36.8625;283.049479166667;31713.925;"Media"
2014-09-03;22.6552083333333;14.35;34.4625;278.6421875;31643.9;"Media"
2014-09-04;21.6223958333333;14.325;30.925;237.5265625;31386.9666666667;"Baja"
2014-09-05;21.5932291666667;12.8375;33.0375;269.776041666667;31049.85;"Media"
2014-09-06;21.9536458333333;14.65;33.3125;261.044270833333;27272.0833333333;"Media"
2014-09-07;21.3760416666667;15.35;30.5;214.745833333333;24978.8166666667;"Alta"
2014-09-08;21.05;13.8625;32.375;260.141666666667;29444.7166666667;"Alta"
2014-09-09;21.375;12.675;33.4;259.8109375;30602.9166666667;"Media"
2014-09-10;21.6583333333333;14.325;32.8125;263.539583333333;30688.1291666667;"Media"
2014-09-11;20.7052083333333;13.8375;31.4875;257.250520833333;29315.6958333333;"Baja"
2014-09-12;20.5526041666667;12.9;31.525;256.303125;29748.7333333333;"Baja"
2014-09-13;18.7425;12.525;29.7125;113.46;26651.2208333333;"Baja"
2014-09-14;20.9044642857143;14.2625;30.2;347.988392857143;24427.7333333333;"Baja"
2014-09-15;19.6197916666667;13.0625;29.625;245.0546875;29256.0708333333;"Baja"
2014-09-16;19.8963541666667;14.0125;27.425;208.0046875;29549.9625;"Media"
2014-09-17;19.5041666666667;14.6125;26.7125;223.145833333333;29715.0708333333;"Alta"
2014-09-18;18.8822916666667;13.75;26.7375;222.3765625;29437.8375;"Alta"
2014-09-19;18.9588541666667;13.1625;26.8375;223.847395833333;29222.4541666667;"Alta"
2014-09-20;19.1359375;13;29.65;228.8671875;25683.3125;"Media"
2014-09-21;18.8223958333333;11.9375;29.8125;220.097916666667;23283.0208333333;"Media"
2014-09-22;18.0604166666667;12.8375;25.8625;178.801041666667;28020.2375;"Alta"
2014-09-23;16.8734375;11.55;24.825;188.889583333333;28017.7958333333;"Alta"
2014-09-24;15.675;9.775;24.2875;204.533854166667;27545.4708333333;"Alta"
2014-09-25;15.7901041666667;8.5;26.25;223.591666666667;27560.9041666667;"Alta"
2014-09-26;16.8630208333333;8.8875;28.6625;234.419791666667;27381.0625;"Media"
2014-09-27;17.6583333333333;11.3125;27.275;209.289583333333;24145.3791666667;"Alta"
2014-09-28;17.2145833333333;12.1875;25.2;187.091145833333;22443.5541666667;"Media"
2014-09-29;17.6942708333333;11.025;28.5125;200.397395833333;27415.6833333333;"Alta"
2014-09-30;18.0359375;12.3125;27.3375;190.001041666667;28050.5166666667;"Alta"
2014-10-01;18.4723958333333;12.025;27.2375;186.579166666667;28103.6208333333;"Alta"
2014-10-02;18.0739583333333;11.7375;28.4375;195.549479166667;28267.2583333333;"Media"
2014-10-03;18.1802083333333;10.7375;30.025;211.930729166667;28003.5791666667;"Baja"
2014-10-04;17.7447916666667;12.2125;27.1875;190.5109375;24569.5625;"Baja"
2014-10-05;16.128125;11.5;24.9625;174.707291666667;22481.1625;"Baja"
2014-10-06;16.2734375;10.4125;24.0625;156.4890625;27324.8333333333;"Baja"
2014-10-07;16.7822916666667;12.375;24.6;166.377083333333;28061.3958333333;"Baja"
2014-10-08;17.5484375;12.5375;25.225;152.094270833333;28140.3416666667;"Baja"
2014-10-09;16.7197916666667;13.7;21.975;123.6703125;27581.0958333333;"Media"
2014-10-10;15.2697916666667;11.2875;21.1125;137.364583333333;27497.8083333333;"Media"
2014-10-11;15.6265625;10.75;23.5125;149.055208333333;24206.9083333333;"Baja"
2014-10-12;14.503125;10.5;20.9;173.740625;22248.6625;"Baja"
2014-10-13;13.51875;10.3;19.6;125.978125;25646.6833333333;"Media"
2014-10-14;13.1479166666667;9.8375;20.1375;158.015625;27224.5083333333;"Media"
2014-10-15;14.5166666666667;10.125;19;80.8994791666667;27776.4083333333;"Media"
2014-10-16;16.6713541666667;13.3625;22.9125;128.816666666667;28205.4875;"Media"
2014-10-17;17.1859375;12.9875;24.9;161.86875;27887.8375;"Media"
2014-10-18;17.9;12.5625;26.7125;177.1046875;24456.1541666667;"Media"
2014-10-19;18.5515625;13.3375;27.575;169.216666666667;22368.075;"Alta"
2014-10-20;17.6135416666667;11.5375;28.6375;178.381770833333;27437.4041666667;"Alta"
2014-10-21;17.7645833333333;10.0875;27.7375;176.708333333333;28221.8791666667;"Media"
2014-10-22;14.8421875;8.625;24.525;176.700520833333;28001.8083333333;"Alta"
2014-10-23;14.2796875;7.125;24.2;162.250520833333;27351.7708333333;"Alta"
2014-10-24;15.3791666666667;9.225;26.0625;159.659375;27267.3458333333;"Alta"
2014-10-25;15.5416666666667;8.8625;26.8875;155.027083333333;23920.5416666667;"Alta"
2014-10-26;15.9945652173913;9.4125;26.8875;172.391304347826;22094.9041666667;"Alta"
2014-10-27;15.8901041666667;10.4;25.7625;157.267708333333;26866.7875;"Media"
2014-10-28;15.33125;10.7;24.625;150.871875;27608.7166666667;"Alta"
2014-10-29;15.6552083333333;10.25;25.6125;158.0890625;27600.6208333333;"Alta"
2014-10-30;14.1727272727273;10.625;22.85;53.8170454545455;27451.725;"Alta"
2014-10-31;17.05;11.625;25.525;242.671153846154;27035.3541666667;"Media"
2014-11-01;14.7130208333333;10.1625;24.2625;133.698958333333;23095.3708333333;"Media"
2014-11-02;13.6052083333333;9.6375;20.4375;110.863541666667;21989.5458333333;"Baja"
2014-11-03;12.0171875;8.7375;18;103.477083333333;27167.525;"Media"
2014-11-04;8.64739583333333;5.525;11.5625;77.8072916666667;27987.6583333333;"Media"
2014-11-05;7.66822916666667;4.3;13.7;116.840625;28179.2125;"Baja"
2014-11-06;9.0421875;3.525;14.95;110.678645833333;28637.3041666667;"Baja"
2014-11-07;10.2171875;6.45;14.5375;80.8895833333333;28423.5041666667;"Baja"
2014-11-08;9.59895833333333;6.3125;15.25;104.316666666667;25328.775;"Baja"
2014-11-09;7.73125;3.1125;12.7375;91.4395833333333;23404.3583333333;"Media"
2014-11-10;7.18020833333333;2.2125;14.125;112.272916666667;28289.2666666667;"Media"
2014-11-11;8.465625;6.5;11.6375;72.9598958333333;29867.2125;"Media"
2014-11-12;9.4;7.1375;14.0125;92.3015625;29451.225;"Baja"
2014-11-13;11.4619791666667;7.9625;15.4125;58.253125;29555.7541666667;"Baja"
2014-11-14;10.6354166666667;7.225;14.15;70.4614583333333;29223.1333333333;"Baja"
2014-11-15;8.6375;5.9;13.475;99.7802083333333;25649.3708333333;"Media"
2014-11-16;8.42604166666667;5.875;13;71.18125;24057.4291666667;"Alta"
2014-11-17;7.81822916666667;4.0625;13.6125;91.4994791666667;29336.0541666667;"Alta"
2014-11-18;8.0296875;3.15;15.4625;111.6703125;30222.8375;"Alta"
2014-11-19;10.5328125;6.5125;17.4;102.896875;29862.6041666667;"Media"
2014-11-20;11.7291666666667;7.6875;18.6375;116.097916666667;29629.6708333333;"Media"
2014-11-21;11.9125;7.8;18.925;101.764583333333;29017.9666666667;"Baja"
2014-11-22;12.5338541666667;9.3125;18.2625;83.10625;25652.3;"Alta"
2014-11-23;12.4505208333333;9.75;17.65;82.0713541666667;23959.8166666667;"Alta"
2014-11-24;12.221875;9.575;17.7875;86.1557291666667;28535.6625;"Media"
2014-11-25;11.1994791666667;8.325;16.875;84.34375;29271.425;"Baja"
2014-11-26;9.490625;5.7625;14.2125;76.1473958333333;29306.1541666667;"Alta"
2014-11-27;8.37604166666667;5.3125;13.1375;84.6239583333333;29626.4416666667;"Alta"
2014-11-28;8.20416666666667;5.7125;11.1875;51.8776041666667;29551.025;"Alta"
2014-11-29;8.3171875;4.45;12.5;45.8588541666667;25938.3583333333;"Alta"
2014-11-30;9.90416666666667;7.9125;14.0125;57.2963541666667;24248.3083333333;"Media"
2014-12-01;8.62760416666667;6.375;12.9125;67.7265625;28979.6583333333;"Media"
2014-12-02;7.303125;4.6;11.8625;73.7390625;29613.8125;"Media"
2014-12-03;6.26979166666667;3.75;11.675;80.53125;29996.8541666667;"Baja"
2014-12-04;5.89947916666667;2.85;12.025;89.9453125;30241.2291666667;"Baja"
2014-12-05;5.1421875;2.1875;11.7375;92.6421875;30158.6166666667;"Baja"
2014-12-06;3.9578125;1.5875;8.875;75.8713541666667;26718.0791666667;"Media"
2014-12-07;3.984375;1.025;9.9;85.5239583333333;25481.3916666667;"Media"
2014-12-08;5.24322916666667;1.8;10.975;66.4880208333333;26122.3958333333;"Baja"
2014-12-09;3.90364583333333;0.775;9.625;84.934375;31366.2625;"Baja"
2014-12-10;5.396875;0.4375;12.6125;90.028125;31912.8083333333;"Media"
2014-12-11;5.54886363636364;3.3;10.925;15.7636363636364;31699.1125;"Media"
2014-12-12;7.51538461538462;4.55;12.95;154.857692307692;31613.8375;"Baja"
2014-12-13;6.93645833333333;4.8875;10.175;45.8119791666667;28309.5666666667;"Baja"
2014-12-14;6.58645833333333;5;9.425;39.8958333333333;26580.7833333333;"Media"
2014-12-15;5.93333333333333;3.6875;10.4875;79.321875;31344.7333333333;"Alta"
2014-12-16;6.74270833333333;4.375;10.15;42.7421875;31668.9958333333;"Alta"
2014-12-17;7.18333333333333;4.2125;12.75;70.3109375;31325.5416666667;"Alta"
2014-12-18;7.31979166666667;4.15;14.275;88.0489583333333;30879.4416666667;"Alta"
2014-12-19;6.28177083333333;1.8375;14.6125;100.661979166667;30355.875;"Alta"
2014-12-20;6.96145833333333;3.0625;13.275;71.4572916666667;27237.1416666667;"Media"
2014-12-21;5.67916666666667;1.9375;13.35;105.734375;25383.7458333333;"Media"
2014-12-22;5.58385416666667;1.975;13.7875;107.4125;29425.9916666667;"Baja"
2014-12-23;5.12708333333333;1.45;13.9375;105.976041666667;29353.8;"Baja"
2014-12-24;4.45052083333333;0.1125;13.4;101.785416666667;26214.7375;"Baja"
2014-12-25;4.49635416666667;-0.2125;12.2875;87.3453125;22417.5;"Media"
2014-12-26;5.12864583333333;0.3875;12.65;98.5911458333333;26079.4583333333;"Alta"
2014-12-27;5.70052083333333;1.9125;11.55;76.7583333333333;26089.7708333333;"Media"
2014-12-28;4.31666666666667;0.8125;8.625;70.2791666666667;25043.05;"Baja"
2014-12-29;0.568229166666667;-2.9375;7.4625;114.094270833333;28908.5541666667;"Media"
2014-12-30;0.536979166666667;-3.1875;8.5875;111.457291666667;29437.3125;"Media"
2014-12-31;0.907291666666667;-3.7375;10.55;110.0015625;27335.8541666667;"Baja"
